{
  "project_info": {
    "project_number": "38834220157",
    "firebase_url": "https://pocochats-4d65a-default-rtdb.firebaseio.com",
    "project_id": "pocochats-4d65a",
    "storage_bucket": "pocochats-4d65a.appspot.com"
  },
  "client": [
    {
      "client_info": {
        "mobilesdk_app_id": "1:38834220157:android:60c0725638e6adcafa9514",
        "android_client_info": {
          "package_name": "com.poco.chatsapp"
        }
      },
      "oauth_client": [
        {
          "client_id": "38834220157-om3uusj0go61qp9vbg1vjfjer6utg1mt.apps.googleusercontent.com",
          "client_type": 3
        }
      ],
      "api_key": [
        {
          "current_key": "AIzaSyDh1YeWZBuijylJ2DmY627fUb383bMlGCI"
        }
      ],
      "services": {
        "appinvite_service": {
          "other_platform_oauth_client": [
            {
              "client_id": "38834220157-om3uusj0go61qp9vbg1vjfjer6utg1mt.apps.googleusercontent.com",
              "client_type": 3
            }
          ]
        }
      }
    }
  ],
  "configuration_version": "1"
}